<?xml version="1.0" encoding="UTF-8"?><?xml-stylesheet type='text/xsl' href='_UpgradeReport_Files/UpgradeReport.xslt'?><UpgradeLog>
<Properties><Property Name="Solution" Value="WebCam_Capture">
</Property><Property Name="方案檔" Value="H:\範例\c#\WebCam_Capture.sln">
</Property><Property Name="使用者選項檔" Value="H:\範例\c#\WebCam_Capture.suo">
</Property><Property Name="Date" Value="2010年12月22日">
</Property><Property Name="Time" Value="下午 13:31">
</Property><Property Name="記錄檔編號" Value="2">
</Property></Properties><Event ErrorLevel="0" Project="" Source="WebCam_Capture.sln" Description="檔案已成功備份為 H:\範例\c#\Backup\WebCam_Capture.sln">
</Event><Event ErrorLevel="0" Project="" Source="WebCam_Capture.suo" Description="檔案已成功備份為 H:\範例\c#\Backup\WebCam_Capture.suo">
</Event><Event ErrorLevel="0" Project="WebCam_Capture" Source="WebCam_Capture.csproj" Description="專案檔已成功備份為 H:\範例\c#\Backup\WebCam_Capture.csproj">
</Event><Event ErrorLevel="0" Project="WebCam_Capture" Source="WebCam_Capture.csproj.user" Description="專案使用者檔案已成功備份為 H:\範例\c#\Backup\WebCam_Capture.csproj.user">
</Event><Event ErrorLevel="0" Project="WebCam_Capture" Source="AssemblyInfo.cs" Description="檔案已成功備份為 H:\範例\c#\Backup\AssemblyInfo.cs">
</Event><Event ErrorLevel="0" Project="WebCam_Capture" Source="WebCamCapture.cs" Description="檔案已成功備份為 H:\範例\c#\Backup\WebCamCapture.cs">
</Event><Event ErrorLevel="0" Project="WebCam_Capture" Source="WebcamEventArgs.cs" Description="檔案已成功備份為 H:\範例\c#\Backup\WebcamEventArgs.cs">
</Event><Event ErrorLevel="0" Project="WebCam_Capture" Source="app.config" Description="檔案已成功備份為 H:\範例\c#\Backup\app.config">
</Event><Event ErrorLevel="0" Project="WebCam_Capture" Source="CAMERA.ICO" Description="檔案已成功備份為 H:\範例\c#\Backup\CAMERA.ICO">
</Event><Event ErrorLevel="0" Project="WebCam_Capture" Source="WebCamCapture.resx" Description="檔案已成功備份為 H:\範例\c#\Backup\WebCamCapture.resx">
</Event><Event ErrorLevel="0" Project="WebCam_Capture" Source="WebCam_Capture.csproj" Description="專案檔不需要轉換。">
</Event><Event ErrorLevel="3" Project="WebCam_Capture" Source="WebCam_Capture.csproj" Description="不需要轉換">
</Event><Event ErrorLevel="0" Project="" Source="WebCam_Capture.sln" Description="方案轉換成功">
</Event><Event ErrorLevel="3" Project="" Source="WebCam_Capture.sln" Description="Converted">
</Event></UpgradeLog>