<?xml version="1.0" encoding="UTF-8"?><?xml-stylesheet type='text/xsl' href='_UpgradeReport_Files/UpgradeReport.xslt'?><UpgradeLog>
<Properties><Property Name="Solution" Value="WebCam_Capture">
</Property><Property Name="方案檔" Value="C:\Documents and Settings\XP\桌面\c#\WebCam_Capture.sln">
</Property><Property Name="Date" Value="2010年12月16日">
</Property><Property Name="Time" Value="下午 16:42">
</Property></Properties><Event ErrorLevel="0" Project="WebCam_Capture" Source="WebCam_Capture.csproj" Description="專案轉換成功">
</Event><Event ErrorLevel="3" Project="WebCam_Capture" Source="WebCam_Capture.csproj" Description="Converted">
</Event><Event ErrorLevel="0" Project="Webcam_Test" Source="Webcam_Test\Webcam_Test.csproj" Description="專案轉換成功">
</Event><Event ErrorLevel="3" Project="Webcam_Test" Source="Webcam_Test\Webcam_Test.csproj" Description="Converted">
</Event><Event ErrorLevel="0" Project="" Source="WebCam_Capture.sln" Description="方案轉換成功">
</Event><Event ErrorLevel="3" Project="" Source="WebCam_Capture.sln" Description="Converted">
</Event><Event ErrorLevel="0" Project="WebCam_Capture" Source="WebCam_Capture.csproj" Description="掃描完成: 專案檔不需要升級。">
</Event><Event ErrorLevel="0" Project="Webcam_Test" Source="Webcam_Test\Webcam_Test.csproj" Description="掃描完成: 專案檔不需要升級。">
</Event></UpgradeLog>