﻿<?xml version="1.0" encoding="UTF-8"?>
<SystemSetting>
  <System>
    <FormAttributeNames>FormWindowState,FormSize,FormLocation</FormAttributeNames>
  </System>
  <Web>
    <MinimumSize>1120,1000</MinimumSize>
    <Size>1120,1000</Size>
    <Text>Tower</Text>
    <WebUri>https://tower.im/users/sign_in</WebUri>
    <IconPath>tower.ico</IconPath>
    <ShowInTaskbar>True</ShowInTaskbar>
    <NotifyIconText>Twoer</NotifyIconText>
    <SetClientTextWebTitle>True</SetClientTextWebTitle>
  </Web>
</SystemSetting>