<?xml version="1.0" encoding="UTF-8"?><?xml-stylesheet type='text/xsl' href='_UpgradeReport_Files/UpgradeReport.xslt'?><UpgradeLog>
<Properties><Property Name="Solution" Value="providers">
</Property><Property Name="解决方案文件" Value="C:\Documents and Settings\Administrator\My Documents\下载\cv_src\providers.sln">
</Property><Property Name="Date" Value="2014年9月23日">
</Property><Property Name="Time" Value="10:28">
</Property><Property Name="日志号" Value="2">
</Property></Properties><Event ErrorLevel="1" Project="axis" Source="axis\axis.csproj" Description="您的项目以 .NET Framework 2.0 或 3.0 为目标。如果您的项目使用的程序集需要更新的 .NET Framework，则项目生成将失败。通过单击项目菜单上的“属性”，然后在“.NET Framework”下拉框中选择一个新版本，可以更改 .NET Framework 的版本。(在 Visual Basic 中，可在单击“高级编辑器选项...”按钮时显示的“编译”选项卡上找到此下拉框。)">
</Event><Event ErrorLevel="0" Project="axis" Source="axis\axis.csproj" Description="项目已成功转换">
</Event><Event ErrorLevel="3" Project="axis" Source="axis\axis.csproj" Description="Converted">
</Event><Event ErrorLevel="1" Project="dlink" Source="dlink\dlink.csproj" Description="您的项目以 .NET Framework 2.0 或 3.0 为目标。如果您的项目使用的程序集需要更新的 .NET Framework，则项目生成将失败。通过单击项目菜单上的“属性”，然后在“.NET Framework”下拉框中选择一个新版本，可以更改 .NET Framework 的版本。(在 Visual Basic 中，可在单击“高级编辑器选项...”按钮时显示的“编译”选项卡上找到此下拉框。)">
</Event><Event ErrorLevel="0" Project="dlink" Source="dlink\dlink.csproj" Description="项目已成功转换">
</Event><Event ErrorLevel="3" Project="dlink" Source="dlink\dlink.csproj" Description="Converted">
</Event><Event ErrorLevel="1" Project="dshow" Source="dshow\dshow.csproj" Description="您的项目以 .NET Framework 2.0 或 3.0 为目标。如果您的项目使用的程序集需要更新的 .NET Framework，则项目生成将失败。通过单击项目菜单上的“属性”，然后在“.NET Framework”下拉框中选择一个新版本，可以更改 .NET Framework 的版本。(在 Visual Basic 中，可在单击“高级编辑器选项...”按钮时显示的“编译”选项卡上找到此下拉框。)">
</Event><Event ErrorLevel="0" Project="dshow" Source="dshow\dshow.csproj" Description="项目已成功转换">
</Event><Event ErrorLevel="3" Project="dshow" Source="dshow\dshow.csproj" Description="Converted">
</Event><Event ErrorLevel="1" Project="jpeg" Source="jpeg\jpeg.csproj" Description="您的项目以 .NET Framework 2.0 或 3.0 为目标。如果您的项目使用的程序集需要更新的 .NET Framework，则项目生成将失败。通过单击项目菜单上的“属性”，然后在“.NET Framework”下拉框中选择一个新版本，可以更改 .NET Framework 的版本。(在 Visual Basic 中，可在单击“高级编辑器选项...”按钮时显示的“编译”选项卡上找到此下拉框。)">
</Event><Event ErrorLevel="0" Project="jpeg" Source="jpeg\jpeg.csproj" Description="项目已成功转换">
</Event><Event ErrorLevel="3" Project="jpeg" Source="jpeg\jpeg.csproj" Description="Converted">
</Event><Event ErrorLevel="1" Project="local" Source="local\local.csproj" Description="您的项目以 .NET Framework 2.0 或 3.0 为目标。如果您的项目使用的程序集需要更新的 .NET Framework，则项目生成将失败。通过单击项目菜单上的“属性”，然后在“.NET Framework”下拉框中选择一个新版本，可以更改 .NET Framework 的版本。(在 Visual Basic 中，可在单击“高级编辑器选项...”按钮时显示的“编译”选项卡上找到此下拉框。)">
</Event><Event ErrorLevel="0" Project="local" Source="local\local.csproj" Description="项目已成功转换">
</Event><Event ErrorLevel="3" Project="local" Source="local\local.csproj" Description="Converted">
</Event><Event ErrorLevel="1" Project="mjpeg" Source="mjpeg\mjpeg.csproj" Description="您的项目以 .NET Framework 2.0 或 3.0 为目标。如果您的项目使用的程序集需要更新的 .NET Framework，则项目生成将失败。通过单击项目菜单上的“属性”，然后在“.NET Framework”下拉框中选择一个新版本，可以更改 .NET Framework 的版本。(在 Visual Basic 中，可在单击“高级编辑器选项...”按钮时显示的“编译”选项卡上找到此下拉框。)">
</Event><Event ErrorLevel="0" Project="mjpeg" Source="mjpeg\mjpeg.csproj" Description="项目已成功转换">
</Event><Event ErrorLevel="3" Project="mjpeg" Source="mjpeg\mjpeg.csproj" Description="Converted">
</Event><Event ErrorLevel="1" Project="multisource" Source="multisource\multisource.csproj" Description="您的项目以 .NET Framework 2.0 或 3.0 为目标。如果您的项目使用的程序集需要更新的 .NET Framework，则项目生成将失败。通过单击项目菜单上的“属性”，然后在“.NET Framework”下拉框中选择一个新版本，可以更改 .NET Framework 的版本。(在 Visual Basic 中，可在单击“高级编辑器选项...”按钮时显示的“编译”选项卡上找到此下拉框。)">
</Event><Event ErrorLevel="0" Project="multisource" Source="multisource\multisource.csproj" Description="项目已成功转换">
</Event><Event ErrorLevel="3" Project="multisource" Source="multisource\multisource.csproj" Description="Converted">
</Event><Event ErrorLevel="1" Project="panasonic" Source="panasonic\panasonic.csproj" Description="您的项目以 .NET Framework 2.0 或 3.0 为目标。如果您的项目使用的程序集需要更新的 .NET Framework，则项目生成将失败。通过单击项目菜单上的“属性”，然后在“.NET Framework”下拉框中选择一个新版本，可以更改 .NET Framework 的版本。(在 Visual Basic 中，可在单击“高级编辑器选项...”按钮时显示的“编译”选项卡上找到此下拉框。)">
</Event><Event ErrorLevel="0" Project="panasonic" Source="panasonic\panasonic.csproj" Description="项目已成功转换">
</Event><Event ErrorLevel="3" Project="panasonic" Source="panasonic\panasonic.csproj" Description="Converted">
</Event><Event ErrorLevel="1" Project="pixord" Source="pixord\pixord.csproj" Description="您的项目以 .NET Framework 2.0 或 3.0 为目标。如果您的项目使用的程序集需要更新的 .NET Framework，则项目生成将失败。通过单击项目菜单上的“属性”，然后在“.NET Framework”下拉框中选择一个新版本，可以更改 .NET Framework 的版本。(在 Visual Basic 中，可在单击“高级编辑器选项...”按钮时显示的“编译”选项卡上找到此下拉框。)">
</Event><Event ErrorLevel="0" Project="pixord" Source="pixord\pixord.csproj" Description="项目已成功转换">
</Event><Event ErrorLevel="3" Project="pixord" Source="pixord\pixord.csproj" Description="Converted">
</Event><Event ErrorLevel="1" Project="stardot" Source="stardot\stardot.csproj" Description="您的项目以 .NET Framework 2.0 或 3.0 为目标。如果您的项目使用的程序集需要更新的 .NET Framework，则项目生成将失败。通过单击项目菜单上的“属性”，然后在“.NET Framework”下拉框中选择一个新版本，可以更改 .NET Framework 的版本。(在 Visual Basic 中，可在单击“高级编辑器选项...”按钮时显示的“编译”选项卡上找到此下拉框。)">
</Event><Event ErrorLevel="0" Project="stardot" Source="stardot\stardot.csproj" Description="项目已成功转换">
</Event><Event ErrorLevel="3" Project="stardot" Source="stardot\stardot.csproj" Description="Converted">
</Event><Event ErrorLevel="1" Project="stream" Source="stream\stream.csproj" Description="您的项目以 .NET Framework 2.0 或 3.0 为目标。如果您的项目使用的程序集需要更新的 .NET Framework，则项目生成将失败。通过单击项目菜单上的“属性”，然后在“.NET Framework”下拉框中选择一个新版本，可以更改 .NET Framework 的版本。(在 Visual Basic 中，可在单击“高级编辑器选项...”按钮时显示的“编译”选项卡上找到此下拉框。)">
</Event><Event ErrorLevel="0" Project="stream" Source="stream\stream.csproj" Description="项目已成功转换">
</Event><Event ErrorLevel="3" Project="stream" Source="stream\stream.csproj" Description="Converted">
</Event><Event ErrorLevel="0" Project="videosource" Source="videosource\videosource.csproj" Description="项目文件不需要转换。">
</Event><Event ErrorLevel="3" Project="videosource" Source="videosource\videosource.csproj" Description="无需转换">
</Event><Event ErrorLevel="0" Project="" Source="providers.sln" Description="成功转换解决方案">
</Event><Event ErrorLevel="3" Project="" Source="providers.sln" Description="Converted">
</Event><Event ErrorLevel="0" Project="axis" Source="axis\axis.csproj" Description="扫描完成: 项目文件不需要升级。">
</Event><Event ErrorLevel="0" Project="dlink" Source="dlink\dlink.csproj" Description="扫描完成: 项目文件不需要升级。">
</Event><Event ErrorLevel="0" Project="dshow" Source="dshow\dshow.csproj" Description="扫描完成: 项目文件不需要升级。">
</Event><Event ErrorLevel="0" Project="jpeg" Source="jpeg\jpeg.csproj" Description="扫描完成: 项目文件不需要升级。">
</Event><Event ErrorLevel="0" Project="local" Source="local\local.csproj" Description="扫描完成: 项目文件不需要升级。">
</Event><Event ErrorLevel="0" Project="mjpeg" Source="mjpeg\mjpeg.csproj" Description="扫描完成: 项目文件不需要升级。">
</Event><Event ErrorLevel="0" Project="multisource" Source="multisource\multisource.csproj" Description="扫描完成: 项目文件不需要升级。">
</Event><Event ErrorLevel="0" Project="panasonic" Source="panasonic\panasonic.csproj" Description="扫描完成: 项目文件不需要升级。">
</Event><Event ErrorLevel="0" Project="pixord" Source="pixord\pixord.csproj" Description="扫描完成: 项目文件不需要升级。">
</Event><Event ErrorLevel="0" Project="stardot" Source="stardot\stardot.csproj" Description="扫描完成: 项目文件不需要升级。">
</Event><Event ErrorLevel="0" Project="stream" Source="stream\stream.csproj" Description="扫描完成: 项目文件不需要升级。">
</Event></UpgradeLog>