<?xml version="1.0" encoding="UTF-8"?><?xml-stylesheet type='text/xsl' href='_UpgradeReport_Files/UpgradeReport.xslt'?><UpgradeLog>
<Properties><Property Name="Solution" Value="howto_persistent_color_palette">
</Property><Property Name="方案檔" Value="C:\_git\vcs\_2.vcs\my_vcs_lesson_a_vcs_helper\_C#HelperSAME\howto_persistent_color_palette\howto_persistent_color_palette.sln">
</Property><Property Name="使用者選項檔" Value="C:\_git\vcs\_2.vcs\my_vcs_lesson_a_vcs_helper\_C#HelperSAME\howto_persistent_color_palette\howto_persistent_color_palette.suo">
</Property><Property Name="Date" Value="2020年12月15日">
</Property><Property Name="Time" Value="下午 17:08">
</Property></Properties><Event ErrorLevel="0" Project="" Source="howto_persistent_color_palette.sln" Description="檔案已成功備份為 C:\_git\vcs\_2.vcs\my_vcs_lesson_a_vcs_helper\_C#HelperSAME\howto_persistent_color_palette\Backup\howto_persistent_color_palette.sln">
</Event><Event ErrorLevel="0" Project="" Source="howto_persistent_color_palette.suo" Description="檔案已成功備份為 C:\_git\vcs\_2.vcs\my_vcs_lesson_a_vcs_helper\_C#HelperSAME\howto_persistent_color_palette\Backup\howto_persistent_color_palette.suo">
</Event><Event ErrorLevel="0" Project="howto_persistent_color_palette" Source="howto_persistent_color_palette.csproj" Description="專案檔已成功備份為 C:\_git\vcs\_2.vcs\my_vcs_lesson_a_vcs_helper\_C#HelperSAME\howto_persistent_color_palette\Backup\howto_persistent_color_palette.csproj">
</Event><Event ErrorLevel="0" Project="howto_persistent_color_palette" Source="howto_persistent_color_palette.csproj.user" Description="專案使用者檔案已成功備份為 C:\_git\vcs\_2.vcs\my_vcs_lesson_a_vcs_helper\_C#HelperSAME\howto_persistent_color_palette\Backup\howto_persistent_color_palette.csproj.user">
</Event><Event ErrorLevel="0" Project="howto_persistent_color_palette" Source="Form1.cs" Description="檔案已成功備份為 C:\_git\vcs\_2.vcs\my_vcs_lesson_a_vcs_helper\_C#HelperSAME\howto_persistent_color_palette\Backup\Form1.cs">
</Event><Event ErrorLevel="0" Project="howto_persistent_color_palette" Source="Form1.Designer.cs" Description="檔案已成功備份為 C:\_git\vcs\_2.vcs\my_vcs_lesson_a_vcs_helper\_C#HelperSAME\howto_persistent_color_palette\Backup\Form1.Designer.cs">
</Event><Event ErrorLevel="0" Project="howto_persistent_color_palette" Source="Program.cs" Description="檔案已成功備份為 C:\_git\vcs\_2.vcs\my_vcs_lesson_a_vcs_helper\_C#HelperSAME\howto_persistent_color_palette\Backup\Program.cs">
</Event><Event ErrorLevel="0" Project="howto_persistent_color_palette" Source="Properties\AssemblyInfo.cs" Description="檔案已成功備份為 C:\_git\vcs\_2.vcs\my_vcs_lesson_a_vcs_helper\_C#HelperSAME\howto_persistent_color_palette\Backup\Properties\AssemblyInfo.cs">
</Event><Event ErrorLevel="0" Project="howto_persistent_color_palette" Source="Properties\Resources.Designer.cs" Description="檔案已成功備份為 C:\_git\vcs\_2.vcs\my_vcs_lesson_a_vcs_helper\_C#HelperSAME\howto_persistent_color_palette\Backup\Properties\Resources.Designer.cs">
</Event><Event ErrorLevel="0" Project="howto_persistent_color_palette" Source="Properties\Settings.Designer.cs" Description="檔案已成功備份為 C:\_git\vcs\_2.vcs\my_vcs_lesson_a_vcs_helper\_C#HelperSAME\howto_persistent_color_palette\Backup\Properties\Settings.Designer.cs">
</Event><Event ErrorLevel="0" Project="howto_persistent_color_palette" Source="app.config" Description="檔案已成功備份為 C:\_git\vcs\_2.vcs\my_vcs_lesson_a_vcs_helper\_C#HelperSAME\howto_persistent_color_palette\Backup\app.config">
</Event><Event ErrorLevel="0" Project="howto_persistent_color_palette" Source="Properties\Settings.settings" Description="檔案已成功備份為 C:\_git\vcs\_2.vcs\my_vcs_lesson_a_vcs_helper\_C#HelperSAME\howto_persistent_color_palette\Backup\Properties\Settings.settings">
</Event><Event ErrorLevel="0" Project="howto_persistent_color_palette" Source="Form1.resx" Description="檔案已成功備份為 C:\_git\vcs\_2.vcs\my_vcs_lesson_a_vcs_helper\_C#HelperSAME\howto_persistent_color_palette\Backup\Form1.resx">
</Event><Event ErrorLevel="0" Project="howto_persistent_color_palette" Source="Properties\Resources.resx" Description="檔案已成功備份為 C:\_git\vcs\_2.vcs\my_vcs_lesson_a_vcs_helper\_C#HelperSAME\howto_persistent_color_palette\Backup\Properties\Resources.resx">
</Event><Event ErrorLevel="0" Project="howto_persistent_color_palette" Source="howto_persistent_color_palette.csproj" Description="專案轉換成功">
</Event><Event ErrorLevel="3" Project="howto_persistent_color_palette" Source="howto_persistent_color_palette.csproj" Description="Converted">
</Event><Event ErrorLevel="0" Project="" Source="howto_persistent_color_palette.sln" Description="方案轉換成功">
</Event><Event ErrorLevel="3" Project="" Source="howto_persistent_color_palette.sln" Description="Converted">
</Event><Event ErrorLevel="0" Project="howto_persistent_color_palette" Source="howto_persistent_color_palette.csproj" Description="掃描完成: 專案檔不需要升級。">
</Event></UpgradeLog>