﻿<?xml version="1.0" encoding="utf-8"?>
<ArrayOfPenMarkInfo xmlns:xsd="http://www.w3.org/2001/XMLSchema" xmlns:xsi="http://www.w3.org/2001/XMLSchema-instance">
   <PenMarkInfo>
      <Creator>aaaaaaa</Creator>
      <CreationTime>2008-01-08T14:46:49.0836884+08:00</CreationTime>
      <Lines>
         <Line>
            <Point>
               <X>80</X>
               <Y>63</Y>
            </Point>
            <Point>
               <X>83</X>
               <Y>63</Y>
            </Point>
            <Point>
               <X>86</X>
               <Y>63</Y>
            </Point>
            <Point>
               <X>92</X>
               <Y>63</Y>
            </Point>
            <Point>
               <X>99</X>
               <Y>63</Y>
            </Point>
            <Point>
               <X>106</X>
               <Y>64</Y>
            </Point>
            <Point>
               <X>112</X>
               <Y>65</Y>
            </Point>
            <Point>
               <X>116</X>
               <Y>65</Y>
            </Point>
            <Point>
               <X>119</X>
               <Y>65</Y>
            </Point>
            <Point>
               <X>121</X>
               <Y>65</Y>
            </Point>
            <Point>
               <X>123</X>
               <Y>65</Y>
            </Point>
            <Point>
               <X>125</X>
               <Y>65</Y>
            </Point>
            <Point>
               <X>126</X>
               <Y>65</Y>
            </Point>
            <Point>
               <X>127</X>
               <Y>66</Y>
            </Point>
            <Point>
               <X>127</X>
               <Y>67</Y>
            </Point>
            <Point>
               <X>127</X>
               <Y>69</Y>
            </Point>
            <Point>
               <X>127</X>
               <Y>70</Y>
            </Point>
            <Point>
               <X>127</X>
               <Y>72</Y>
            </Point>
            <Point>
               <X>127</X>
               <Y>74</Y>
            </Point>
            <Point>
               <X>126</X>
               <Y>76</Y>
            </Point>
            <Point>
               <X>125</X>
               <Y>78</Y>
            </Point>
            <Point>
               <X>124</X>
               <Y>79</Y>
            </Point>
            <Point>
               <X>124</X>
               <Y>81</Y>
            </Point>
            <Point>
               <X>124</X>
               <Y>82</Y>
            </Point>
            <Point>
               <X>123</X>
               <Y>83</Y>
            </Point>
            <Point>
               <X>123</X>
               <Y>84</Y>
            </Point>
            <Point>
               <X>122</X>
               <Y>85</Y>
            </Point>
            <Point>
               <X>122</X>
               <Y>86</Y>
            </Point>
            <Point>
               <X>121</X>
               <Y>88</Y>
            </Point>
            <Point>
               <X>120</X>
               <Y>89</Y>
            </Point>
            <Point>
               <X>120</X>
               <Y>90</Y>
            </Point>
            <Point>
               <X>119</X>
               <Y>91</Y>
            </Point>
            <Point>
               <X>118</X>
               <Y>91</Y>
            </Point>
            <Point>
               <X>118</X>
               <Y>92</Y>
            </Point>
            <Point>
               <X>116</X>
               <Y>92</Y>
            </Point>
            <Point>
               <X>114</X>
               <Y>93</Y>
            </Point>
            <Point>
               <X>113</X>
               <Y>95</Y>
            </Point>
            <Point>
               <X>112</X>
               <Y>95</Y>
            </Point>
            <Point>
               <X>111</X>
               <Y>96</Y>
            </Point>
            <Point>
               <X>109</X>
               <Y>96</Y>
            </Point>
            <Point>
               <X>108</X>
               <Y>96</Y>
            </Point>
            <Point>
               <X>107</X>
               <Y>96</Y>
            </Point>
            <Point>
               <X>104</X>
               <Y>96</Y>
            </Point>
            <Point>
               <X>101</X>
               <Y>96</Y>
            </Point>
            <Point>
               <X>98</X>
               <Y>96</Y>
            </Point>
            <Point>
               <X>95</X>
               <Y>96</Y>
            </Point>
            <Point>
               <X>93</X>
               <Y>96</Y>
            </Point>
            <Point>
               <X>92</X>
               <Y>96</Y>
            </Point>
            <Point>
               <X>90</X>
               <Y>96</Y>
            </Point>
            <Point>
               <X>88</X>
               <Y>96</Y>
            </Point>
            <Point>
               <X>86</X>
               <Y>95</Y>
            </Point>
            <Point>
               <X>84</X>
               <Y>94</Y>
            </Point>
            <Point>
               <X>83</X>
               <Y>94</Y>
            </Point>
            <Point>
               <X>81</X>
               <Y>93</Y>
            </Point>
            <Point>
               <X>80</X>
               <Y>93</Y>
            </Point>
            <Point>
               <X>79</X>
               <Y>93</Y>
            </Point>
            <Point>
               <X>77</X>
               <Y>94</Y>
            </Point>
            <Point>
               <X>76</X>
               <Y>94</Y>
            </Point>
            <Point>
               <X>75</X>
               <Y>95</Y>
            </Point>
            <Point>
               <X>74</X>
               <Y>96</Y>
            </Point>
            <Point>
               <X>73</X>
               <Y>97</Y>
            </Point>
            <Point>
               <X>73</X>
               <Y>98</Y>
            </Point>
            <Point>
               <X>73</X>
               <Y>99</Y>
            </Point>
            <Point>
               <X>73</X>
               <Y>100</Y>
            </Point>
            <Point>
               <X>73</X>
               <Y>101</Y>
            </Point>
            <Point>
               <X>73</X>
               <Y>103</Y>
            </Point>
            <Point>
               <X>74</X>
               <Y>104</Y>
            </Point>
            <Point>
               <X>74</X>
               <Y>105</Y>
            </Point>
            <Point>
               <X>74</X>
               <Y>107</Y>
            </Point>
            <Point>
               <X>75</X>
               <Y>109</Y>
            </Point>
            <Point>
               <X>75</X>
               <Y>110</Y>
            </Point>
            <Point>
               <X>75</X>
               <Y>111</Y>
            </Point>
            <Point>
               <X>76</X>
               <Y>114</Y>
            </Point>
            <Point>
               <X>76</X>
               <Y>115</Y>
            </Point>
            <Point>
               <X>76</X>
               <Y>116</Y>
            </Point>
            <Point>
               <X>77</X>
               <Y>118</Y>
            </Point>
            <Point>
               <X>77</X>
               <Y>119</Y>
            </Point>
            <Point>
               <X>78</X>
               <Y>120</Y>
            </Point>
            <Point>
               <X>79</X>
               <Y>121</Y>
            </Point>
            <Point>
               <X>79</X>
               <Y>122</Y>
            </Point>
            <Point>
               <X>81</X>
               <Y>123</Y>
            </Point>
            <Point>
               <X>83</X>
               <Y>124</Y>
            </Point>
            <Point>
               <X>85</X>
               <Y>124</Y>
            </Point>
            <Point>
               <X>88</X>
               <Y>124</Y>
            </Point>
            <Point>
               <X>91</X>
               <Y>124</Y>
            </Point>
            <Point>
               <X>93</X>
               <Y>124</Y>
            </Point>
            <Point>
               <X>96</X>
               <Y>124</Y>
            </Point>
            <Point>
               <X>99</X>
               <Y>124</Y>
            </Point>
            <Point>
               <X>101</X>
               <Y>124</Y>
            </Point>
            <Point>
               <X>104</X>
               <Y>124</Y>
            </Point>
            <Point>
               <X>107</X>
               <Y>124</Y>
            </Point>
            <Point>
               <X>109</X>
               <Y>124</Y>
            </Point>
            <Point>
               <X>110</X>
               <Y>124</Y>
            </Point>
            <Point>
               <X>111</X>
               <Y>124</Y>
            </Point>
            <Point>
               <X>112</X>
               <Y>124</Y>
            </Point>
            <Point>
               <X>113</X>
               <Y>124</Y>
            </Point>
            <Point>
               <X>114</X>
               <Y>124</Y>
            </Point>
            <Point>
               <X>115</X>
               <Y>124</Y>
            </Point>
            <Point>
               <X>115</X>
               <Y>125</Y>
            </Point>
            <Point>
               <X>116</X>
               <Y>126</Y>
            </Point>
            <Point>
               <X>117</X>
               <Y>127</Y>
            </Point>
            <Point>
               <X>117</X>
               <Y>129</Y>
            </Point>
            <Point>
               <X>117</X>
               <Y>131</Y>
            </Point>
            <Point>
               <X>118</X>
               <Y>133</Y>
            </Point>
            <Point>
               <X>118</X>
               <Y>134</Y>
            </Point>
            <Point>
               <X>118</X>
               <Y>136</Y>
            </Point>
            <Point>
               <X>118</X>
               <Y>137</Y>
            </Point>
            <Point>
               <X>118</X>
               <Y>138</Y>
            </Point>
            <Point>
               <X>118</X>
               <Y>140</Y>
            </Point>
            <Point>
               <X>118</X>
               <Y>142</Y>
            </Point>
            <Point>
               <X>118</X>
               <Y>143</Y>
            </Point>
            <Point>
               <X>118</X>
               <Y>145</Y>
            </Point>
            <Point>
               <X>118</X>
               <Y>147</Y>
            </Point>
            <Point>
               <X>118</X>
               <Y>148</Y>
            </Point>
            <Point>
               <X>118</X>
               <Y>150</Y>
            </Point>
            <Point>
               <X>117</X>
               <Y>151</Y>
            </Point>
            <Point>
               <X>116</X>
               <Y>153</Y>
            </Point>
            <Point>
               <X>115</X>
               <Y>155</Y>
            </Point>
            <Point>
               <X>114</X>
               <Y>155</Y>
            </Point>
            <Point>
               <X>114</X>
               <Y>156</Y>
            </Point>
            <Point>
               <X>113</X>
               <Y>156</Y>
            </Point>
            <Point>
               <X>112</X>
               <Y>156</Y>
            </Point>
            <Point>
               <X>111</X>
               <Y>156</Y>
            </Point>
            <Point>
               <X>109</X>
               <Y>156</Y>
            </Point>
            <Point>
               <X>107</X>
               <Y>156</Y>
            </Point>
            <Point>
               <X>106</X>
               <Y>156</Y>
            </Point>
            <Point>
               <X>104</X>
               <Y>154</Y>
            </Point>
            <Point>
               <X>103</X>
               <Y>153</Y>
            </Point>
            <Point>
               <X>103</X>
               <Y>152</Y>
            </Point>
            <Point>
               <X>102</X>
               <Y>152</Y>
            </Point>
            <Point>
               <X>101</X>
               <Y>151</Y>
            </Point>
            <Point>
               <X>100</X>
               <Y>150</Y>
            </Point>
            <Point>
               <X>100</X>
               <Y>148</Y>
            </Point>
            <Point>
               <X>98</X>
               <Y>146</Y>
            </Point>
            <Point>
               <X>96</X>
               <Y>144</Y>
            </Point>
         </Line>
         <Line>
            <Point>
               <X>166</X>
               <Y>86</Y>
            </Point>
            <Point>
               <X>166</X>
               <Y>88</Y>
            </Point>
            <Point>
               <X>166</X>
               <Y>89</Y>
            </Point>
            <Point>
               <X>164</X>
               <Y>92</Y>
            </Point>
            <Point>
               <X>163</X>
               <Y>94</Y>
            </Point>
            <Point>
               <X>162</X>
               <Y>96</Y>
            </Point>
            <Point>
               <X>160</X>
               <Y>99</Y>
            </Point>
            <Point>
               <X>159</X>
               <Y>101</Y>
            </Point>
            <Point>
               <X>158</X>
               <Y>102</Y>
            </Point>
            <Point>
               <X>157</X>
               <Y>104</Y>
            </Point>
            <Point>
               <X>156</X>
               <Y>105</Y>
            </Point>
            <Point>
               <X>154</X>
               <Y>107</Y>
            </Point>
            <Point>
               <X>151</X>
               <Y>108</Y>
            </Point>
            <Point>
               <X>149</X>
               <Y>109</Y>
            </Point>
            <Point>
               <X>148</X>
               <Y>110</Y>
            </Point>
            <Point>
               <X>145</X>
               <Y>111</Y>
            </Point>
            <Point>
               <X>144</X>
               <Y>111</Y>
            </Point>
            <Point>
               <X>142</X>
               <Y>111</Y>
            </Point>
            <Point>
               <X>141</X>
               <Y>111</Y>
            </Point>
            <Point>
               <X>140</X>
               <Y>111</Y>
            </Point>
            <Point>
               <X>139</X>
               <Y>111</Y>
            </Point>
            <Point>
               <X>138</X>
               <Y>111</Y>
            </Point>
            <Point>
               <X>136</X>
               <Y>111</Y>
            </Point>
            <Point>
               <X>134</X>
               <Y>111</Y>
            </Point>
            <Point>
               <X>132</X>
               <Y>111</Y>
            </Point>
            <Point>
               <X>131</X>
               <Y>111</Y>
            </Point>
            <Point>
               <X>130</X>
               <Y>111</Y>
            </Point>
            <Point>
               <X>129</X>
               <Y>111</Y>
            </Point>
            <Point>
               <X>127</X>
               <Y>111</Y>
            </Point>
            <Point>
               <X>125</X>
               <Y>111</Y>
            </Point>
            <Point>
               <X>124</X>
               <Y>111</Y>
            </Point>
            <Point>
               <X>123</X>
               <Y>111</Y>
            </Point>
            <Point>
               <X>124</X>
               <Y>111</Y>
            </Point>
            <Point>
               <X>128</X>
               <Y>111</Y>
            </Point>
            <Point>
               <X>132</X>
               <Y>111</Y>
            </Point>
            <Point>
               <X>139</X>
               <Y>111</Y>
            </Point>
            <Point>
               <X>145</X>
               <Y>111</Y>
            </Point>
            <Point>
               <X>153</X>
               <Y>112</Y>
            </Point>
            <Point>
               <X>158</X>
               <Y>112</Y>
            </Point>
            <Point>
               <X>163</X>
               <Y>113</Y>
            </Point>
            <Point>
               <X>166</X>
               <Y>113</Y>
            </Point>
            <Point>
               <X>169</X>
               <Y>113</Y>
            </Point>
            <Point>
               <X>171</X>
               <Y>113</Y>
            </Point>
            <Point>
               <X>172</X>
               <Y>113</Y>
            </Point>
            <Point>
               <X>173</X>
               <Y>113</Y>
            </Point>
            <Point>
               <X>174</X>
               <Y>113</Y>
            </Point>
            <Point>
               <X>175</X>
               <Y>113</Y>
            </Point>
            <Point>
               <X>177</X>
               <Y>113</Y>
            </Point>
         </Line>
         <Line>
            <Point>
               <X>144</X>
               <Y>79</Y>
            </Point>
            <Point>
               <X>144</X>
               <Y>81</Y>
            </Point>
            <Point>
               <X>145</X>
               <Y>84</Y>
            </Point>
            <Point>
               <X>145</X>
               <Y>87</Y>
            </Point>
            <Point>
               <X>145</X>
               <Y>92</Y>
            </Point>
            <Point>
               <X>145</X>
               <Y>96</Y>
            </Point>
            <Point>
               <X>145</X>
               <Y>103</Y>
            </Point>
            <Point>
               <X>145</X>
               <Y>108</Y>
            </Point>
            <Point>
               <X>144</X>
               <Y>112</Y>
            </Point>
            <Point>
               <X>143</X>
               <Y>117</Y>
            </Point>
            <Point>
               <X>143</X>
               <Y>120</Y>
            </Point>
            <Point>
               <X>142</X>
               <Y>122</Y>
            </Point>
            <Point>
               <X>142</X>
               <Y>124</Y>
            </Point>
            <Point>
               <X>142</X>
               <Y>125</Y>
            </Point>
            <Point>
               <X>141</X>
               <Y>127</Y>
            </Point>
            <Point>
               <X>141</X>
               <Y>130</Y>
            </Point>
            <Point>
               <X>141</X>
               <Y>131</Y>
            </Point>
            <Point>
               <X>141</X>
               <Y>133</Y>
            </Point>
            <Point>
               <X>141</X>
               <Y>134</Y>
            </Point>
            <Point>
               <X>141</X>
               <Y>135</Y>
            </Point>
            <Point>
               <X>141</X>
               <Y>136</Y>
            </Point>
            <Point>
               <X>141</X>
               <Y>137</Y>
            </Point>
            <Point>
               <X>141</X>
               <Y>138</Y>
            </Point>
            <Point>
               <X>141</X>
               <Y>139</Y>
            </Point>
            <Point>
               <X>141</X>
               <Y>140</Y>
            </Point>
            <Point>
               <X>141</X>
               <Y>141</Y>
            </Point>
            <Point>
               <X>141</X>
               <Y>142</Y>
            </Point>
            <Point>
               <X>142</X>
               <Y>142</Y>
            </Point>
            <Point>
               <X>143</X>
               <Y>142</Y>
            </Point>
            <Point>
               <X>145</X>
               <Y>142</Y>
            </Point>
            <Point>
               <X>146</X>
               <Y>142</Y>
            </Point>
            <Point>
               <X>149</X>
               <Y>142</Y>
            </Point>
            <Point>
               <X>150</X>
               <Y>142</Y>
            </Point>
            <Point>
               <X>151</X>
               <Y>142</Y>
            </Point>
            <Point>
               <X>153</X>
               <Y>142</Y>
            </Point>
            <Point>
               <X>154</X>
               <Y>142</Y>
            </Point>
            <Point>
               <X>153</X>
               <Y>141</Y>
            </Point>
         </Line>
         <Line>
            <Point>
               <X>144</X>
               <Y>120</Y>
            </Point>
            <Point>
               <X>147</X>
               <Y>121</Y>
            </Point>
            <Point>
               <X>148</X>
               <Y>121</Y>
            </Point>
            <Point>
               <X>150</X>
               <Y>123</Y>
            </Point>
            <Point>
               <X>152</X>
               <Y>124</Y>
            </Point>
            <Point>
               <X>154</X>
               <Y>125</Y>
            </Point>
            <Point>
               <X>156</X>
               <Y>127</Y>
            </Point>
            <Point>
               <X>158</X>
               <Y>128</Y>
            </Point>
            <Point>
               <X>159</X>
               <Y>129</Y>
            </Point>
            <Point>
               <X>160</X>
               <Y>130</Y>
            </Point>
            <Point>
               <X>161</X>
               <Y>131</Y>
            </Point>
            <Point>
               <X>162</X>
               <Y>132</Y>
            </Point>
            <Point>
               <X>163</X>
               <Y>132</Y>
            </Point>
         </Line>
         <Line>
            <Point>
               <X>197</X>
               <Y>96</Y>
            </Point>
            <Point>
               <X>199</X>
               <Y>95</Y>
            </Point>
            <Point>
               <X>203</X>
               <Y>95</Y>
            </Point>
            <Point>
               <X>210</X>
               <Y>94</Y>
            </Point>
            <Point>
               <X>214</X>
               <Y>94</Y>
            </Point>
            <Point>
               <X>221</X>
               <Y>94</Y>
            </Point>
            <Point>
               <X>227</X>
               <Y>94</Y>
            </Point>
            <Point>
               <X>234</X>
               <Y>94</Y>
            </Point>
            <Point>
               <X>240</X>
               <Y>94</Y>
            </Point>
            <Point>
               <X>242</X>
               <Y>94</Y>
            </Point>
            <Point>
               <X>244</X>
               <Y>94</Y>
            </Point>
            <Point>
               <X>245</X>
               <Y>94</Y>
            </Point>
         </Line>
         <Line>
            <Point>
               <X>205</X>
               <Y>113</Y>
            </Point>
            <Point>
               <X>208</X>
               <Y>113</Y>
            </Point>
            <Point>
               <X>212</X>
               <Y>112</Y>
            </Point>
            <Point>
               <X>217</X>
               <Y>111</Y>
            </Point>
            <Point>
               <X>223</X>
               <Y>110</Y>
            </Point>
            <Point>
               <X>231</X>
               <Y>110</Y>
            </Point>
            <Point>
               <X>236</X>
               <Y>110</Y>
            </Point>
            <Point>
               <X>243</X>
               <Y>110</Y>
            </Point>
            <Point>
               <X>246</X>
               <Y>110</Y>
            </Point>
            <Point>
               <X>248</X>
               <Y>110</Y>
            </Point>
            <Point>
               <X>249</X>
               <Y>110</Y>
            </Point>
            <Point>
               <X>249</X>
               <Y>111</Y>
            </Point>
            <Point>
               <X>248</X>
               <Y>112</Y>
            </Point>
            <Point>
               <X>246</X>
               <Y>113</Y>
            </Point>
         </Line>
         <Line>
            <Point>
               <X>203</X>
               <Y>132</Y>
            </Point>
            <Point>
               <X>207</X>
               <Y>132</Y>
            </Point>
            <Point>
               <X>213</X>
               <Y>132</Y>
            </Point>
            <Point>
               <X>218</X>
               <Y>132</Y>
            </Point>
            <Point>
               <X>226</X>
               <Y>132</Y>
            </Point>
            <Point>
               <X>233</X>
               <Y>132</Y>
            </Point>
            <Point>
               <X>240</X>
               <Y>132</Y>
            </Point>
            <Point>
               <X>244</X>
               <Y>133</Y>
            </Point>
            <Point>
               <X>246</X>
               <Y>134</Y>
            </Point>
            <Point>
               <X>247</X>
               <Y>134</Y>
            </Point>
         </Line>
      </Lines>
   </PenMarkInfo>
   <PenMarkInfo>
      <Creator>aaaaaaa</Creator>
      <CreationTime>2008-01-08T14:46:59.2245081+08:00</CreationTime>
      <Color />
      <Lines>
         <Line>
            <Point>
               <X>311</X>
               <Y>83</Y>
            </Point>
            <Point>
               <X>312</X>
               <Y>83</Y>
            </Point>
            <Point>
               <X>315</X>
               <Y>83</Y>
            </Point>
            <Point>
               <X>319</X>
               <Y>83</Y>
            </Point>
            <Point>
               <X>323</X>
               <Y>84</Y>
            </Point>
            <Point>
               <X>328</X>
               <Y>84</Y>
            </Point>
            <Point>
               <X>335</X>
               <Y>86</Y>
            </Point>
            <Point>
               <X>343</X>
               <Y>86</Y>
            </Point>
            <Point>
               <X>352</X>
               <Y>88</Y>
            </Point>
            <Point>
               <X>354</X>
               <Y>88</Y>
            </Point>
            <Point>
               <X>359</X>
               <Y>88</Y>
            </Point>
            <Point>
               <X>363</X>
               <Y>89</Y>
            </Point>
            <Point>
               <X>366</X>
               <Y>89</Y>
            </Point>
            <Point>
               <X>368</X>
               <Y>89</Y>
            </Point>
            <Point>
               <X>370</X>
               <Y>89</Y>
            </Point>
            <Point>
               <X>372</X>
               <Y>89</Y>
            </Point>
            <Point>
               <X>373</X>
               <Y>89</Y>
            </Point>
            <Point>
               <X>375</X>
               <Y>89</Y>
            </Point>
            <Point>
               <X>376</X>
               <Y>89</Y>
            </Point>
            <Point>
               <X>377</X>
               <Y>89</Y>
            </Point>
         </Line>
         <Line>
            <Point>
               <X>346</X>
               <Y>69</Y>
            </Point>
            <Point>
               <X>346</X>
               <Y>72</Y>
            </Point>
            <Point>
               <X>346</X>
               <Y>77</Y>
            </Point>
            <Point>
               <X>346</X>
               <Y>81</Y>
            </Point>
            <Point>
               <X>346</X>
               <Y>87</Y>
            </Point>
            <Point>
               <X>346</X>
               <Y>91</Y>
            </Point>
            <Point>
               <X>346</X>
               <Y>96</Y>
            </Point>
            <Point>
               <X>346</X>
               <Y>101</Y>
            </Point>
            <Point>
               <X>346</X>
               <Y>104</Y>
            </Point>
            <Point>
               <X>346</X>
               <Y>107</Y>
            </Point>
            <Point>
               <X>347</X>
               <Y>109</Y>
            </Point>
            <Point>
               <X>347</X>
               <Y>110</Y>
            </Point>
            <Point>
               <X>347</X>
               <Y>111</Y>
            </Point>
            <Point>
               <X>347</X>
               <Y>112</Y>
            </Point>
            <Point>
               <X>347</X>
               <Y>113</Y>
            </Point>
            <Point>
               <X>347</X>
               <Y>114</Y>
            </Point>
            <Point>
               <X>347</X>
               <Y>115</Y>
            </Point>
         </Line>
         <Line>
            <Point>
               <X>337</X>
               <Y>91</Y>
            </Point>
            <Point>
               <X>336</X>
               <Y>93</Y>
            </Point>
            <Point>
               <X>334</X>
               <Y>94</Y>
            </Point>
            <Point>
               <X>332</X>
               <Y>98</Y>
            </Point>
            <Point>
               <X>330</X>
               <Y>100</Y>
            </Point>
            <Point>
               <X>328</X>
               <Y>102</Y>
            </Point>
            <Point>
               <X>324</X>
               <Y>105</Y>
            </Point>
            <Point>
               <X>321</X>
               <Y>107</Y>
            </Point>
            <Point>
               <X>317</X>
               <Y>108</Y>
            </Point>
            <Point>
               <X>316</X>
               <Y>109</Y>
            </Point>
            <Point>
               <X>315</X>
               <Y>110</Y>
            </Point>
            <Point>
               <X>313</X>
               <Y>110</Y>
            </Point>
            <Point>
               <X>312</X>
               <Y>110</Y>
            </Point>
            <Point>
               <X>315</X>
               <Y>109</Y>
            </Point>
         </Line>
         <Line>
            <Point>
               <X>353</X>
               <Y>97</Y>
            </Point>
            <Point>
               <X>355</X>
               <Y>98</Y>
            </Point>
            <Point>
               <X>356</X>
               <Y>98</Y>
            </Point>
            <Point>
               <X>356</X>
               <Y>99</Y>
            </Point>
            <Point>
               <X>358</X>
               <Y>100</Y>
            </Point>
            <Point>
               <X>359</X>
               <Y>101</Y>
            </Point>
            <Point>
               <X>361</X>
               <Y>102</Y>
            </Point>
            <Point>
               <X>362</X>
               <Y>104</Y>
            </Point>
            <Point>
               <X>363</X>
               <Y>104</Y>
            </Point>
            <Point>
               <X>364</X>
               <Y>105</Y>
            </Point>
            <Point>
               <X>366</X>
               <Y>106</Y>
            </Point>
            <Point>
               <X>366</X>
               <Y>107</Y>
            </Point>
            <Point>
               <X>367</X>
               <Y>107</Y>
            </Point>
            <Point>
               <X>364</X>
               <Y>108</Y>
            </Point>
         </Line>
         <Line>
            <Point>
               <X>325</X>
               <Y>116</Y>
            </Point>
            <Point>
               <X>327</X>
               <Y>116</Y>
            </Point>
            <Point>
               <X>331</X>
               <Y>116</Y>
            </Point>
            <Point>
               <X>337</X>
               <Y>116</Y>
            </Point>
            <Point>
               <X>344</X>
               <Y>117</Y>
            </Point>
            <Point>
               <X>349</X>
               <Y>118</Y>
            </Point>
            <Point>
               <X>355</X>
               <Y>119</Y>
            </Point>
            <Point>
               <X>359</X>
               <Y>119</Y>
            </Point>
            <Point>
               <X>363</X>
               <Y>119</Y>
            </Point>
            <Point>
               <X>365</X>
               <Y>119</Y>
            </Point>
            <Point>
               <X>367</X>
               <Y>119</Y>
            </Point>
            <Point>
               <X>368</X>
               <Y>119</Y>
            </Point>
            <Point>
               <X>367</X>
               <Y>119</Y>
            </Point>
            <Point>
               <X>366</X>
               <Y>120</Y>
            </Point>
            <Point>
               <X>364</X>
               <Y>121</Y>
            </Point>
            <Point>
               <X>363</X>
               <Y>123</Y>
            </Point>
            <Point>
               <X>361</X>
               <Y>123</Y>
            </Point>
            <Point>
               <X>358</X>
               <Y>125</Y>
            </Point>
            <Point>
               <X>357</X>
               <Y>126</Y>
            </Point>
            <Point>
               <X>355</X>
               <Y>127</Y>
            </Point>
            <Point>
               <X>354</X>
               <Y>128</Y>
            </Point>
            <Point>
               <X>353</X>
               <Y>129</Y>
            </Point>
            <Point>
               <X>351</X>
               <Y>130</Y>
            </Point>
            <Point>
               <X>350</X>
               <Y>130</Y>
            </Point>
            <Point>
               <X>349</X>
               <Y>131</Y>
            </Point>
            <Point>
               <X>347</X>
               <Y>132</Y>
            </Point>
            <Point>
               <X>346</X>
               <Y>132</Y>
            </Point>
            <Point>
               <X>347</X>
               <Y>132</Y>
            </Point>
            <Point>
               <X>348</X>
               <Y>132</Y>
            </Point>
            <Point>
               <X>348</X>
               <Y>133</Y>
            </Point>
            <Point>
               <X>350</X>
               <Y>135</Y>
            </Point>
            <Point>
               <X>352</X>
               <Y>137</Y>
            </Point>
            <Point>
               <X>352</X>
               <Y>139</Y>
            </Point>
            <Point>
               <X>352</X>
               <Y>141</Y>
            </Point>
            <Point>
               <X>352</X>
               <Y>143</Y>
            </Point>
            <Point>
               <X>352</X>
               <Y>146</Y>
            </Point>
            <Point>
               <X>352</X>
               <Y>147</Y>
            </Point>
            <Point>
               <X>352</X>
               <Y>150</Y>
            </Point>
            <Point>
               <X>352</X>
               <Y>151</Y>
            </Point>
            <Point>
               <X>352</X>
               <Y>152</Y>
            </Point>
            <Point>
               <X>352</X>
               <Y>153</Y>
            </Point>
            <Point>
               <X>350</X>
               <Y>155</Y>
            </Point>
            <Point>
               <X>350</X>
               <Y>156</Y>
            </Point>
            <Point>
               <X>348</X>
               <Y>157</Y>
            </Point>
            <Point>
               <X>346</X>
               <Y>159</Y>
            </Point>
            <Point>
               <X>345</X>
               <Y>160</Y>
            </Point>
            <Point>
               <X>344</X>
               <Y>161</Y>
            </Point>
            <Point>
               <X>344</X>
               <Y>162</Y>
            </Point>
            <Point>
               <X>343</X>
               <Y>162</Y>
            </Point>
            <Point>
               <X>342</X>
               <Y>162</Y>
            </Point>
            <Point>
               <X>338</X>
               <Y>158</Y>
            </Point>
            <Point>
               <X>335</X>
               <Y>153</Y>
            </Point>
         </Line>
         <Line>
            <Point>
               <X>327</X>
               <Y>134</Y>
            </Point>
            <Point>
               <X>330</X>
               <Y>134</Y>
            </Point>
            <Point>
               <X>335</X>
               <Y>135</Y>
            </Point>
            <Point>
               <X>340</X>
               <Y>136</Y>
            </Point>
            <Point>
               <X>346</X>
               <Y>137</Y>
            </Point>
            <Point>
               <X>351</X>
               <Y>138</Y>
            </Point>
            <Point>
               <X>357</X>
               <Y>139</Y>
            </Point>
            <Point>
               <X>359</X>
               <Y>139</Y>
            </Point>
            <Point>
               <X>360</X>
               <Y>139</Y>
            </Point>
            <Point>
               <X>362</X>
               <Y>139</Y>
            </Point>
            <Point>
               <X>364</X>
               <Y>139</Y>
            </Point>
            <Point>
               <X>365</X>
               <Y>139</Y>
            </Point>
            <Point>
               <X>367</X>
               <Y>139</Y>
            </Point>
            <Point>
               <X>368</X>
               <Y>139</Y>
            </Point>
            <Point>
               <X>370</X>
               <Y>139</Y>
            </Point>
            <Point>
               <X>371</X>
               <Y>139</Y>
            </Point>
         </Line>
         <Line>
            <Point>
               <X>378</X>
               <Y>105</Y>
            </Point>
            <Point>
               <X>380</X>
               <Y>106</Y>
            </Point>
            <Point>
               <X>381</X>
               <Y>109</Y>
            </Point>
            <Point>
               <X>384</X>
               <Y>113</Y>
            </Point>
            <Point>
               <X>386</X>
               <Y>117</Y>
            </Point>
            <Point>
               <X>389</X>
               <Y>123</Y>
            </Point>
            <Point>
               <X>390</X>
               <Y>129</Y>
            </Point>
            <Point>
               <X>390</X>
               <Y>132</Y>
            </Point>
            <Point>
               <X>392</X>
               <Y>138</Y>
            </Point>
            <Point>
               <X>393</X>
               <Y>142</Y>
            </Point>
            <Point>
               <X>394</X>
               <Y>146</Y>
            </Point>
            <Point>
               <X>394</X>
               <Y>149</Y>
            </Point>
            <Point>
               <X>394</X>
               <Y>152</Y>
            </Point>
            <Point>
               <X>394</X>
               <Y>154</Y>
            </Point>
            <Point>
               <X>394</X>
               <Y>155</Y>
            </Point>
            <Point>
               <X>394</X>
               <Y>156</Y>
            </Point>
            <Point>
               <X>394</X>
               <Y>157</Y>
            </Point>
            <Point>
               <X>393</X>
               <Y>157</Y>
            </Point>
         </Line>
         <Line>
            <Point>
               <X>391</X>
               <Y>112</Y>
            </Point>
            <Point>
               <X>391</X>
               <Y>111</Y>
            </Point>
            <Point>
               <X>392</X>
               <Y>111</Y>
            </Point>
            <Point>
               <X>393</X>
               <Y>110</Y>
            </Point>
            <Point>
               <X>395</X>
               <Y>110</Y>
            </Point>
            <Point>
               <X>398</X>
               <Y>110</Y>
            </Point>
            <Point>
               <X>402</X>
               <Y>110</Y>
            </Point>
            <Point>
               <X>405</X>
               <Y>110</Y>
            </Point>
            <Point>
               <X>411</X>
               <Y>110</Y>
            </Point>
            <Point>
               <X>419</X>
               <Y>110</Y>
            </Point>
            <Point>
               <X>427</X>
               <Y>110</Y>
            </Point>
            <Point>
               <X>434</X>
               <Y>110</Y>
            </Point>
            <Point>
               <X>442</X>
               <Y>110</Y>
            </Point>
            <Point>
               <X>447</X>
               <Y>110</Y>
            </Point>
            <Point>
               <X>453</X>
               <Y>110</Y>
            </Point>
            <Point>
               <X>457</X>
               <Y>110</Y>
            </Point>
            <Point>
               <X>460</X>
               <Y>111</Y>
            </Point>
            <Point>
               <X>461</X>
               <Y>111</Y>
            </Point>
            <Point>
               <X>462</X>
               <Y>112</Y>
            </Point>
            <Point>
               <X>463</X>
               <Y>112</Y>
            </Point>
            <Point>
               <X>463</X>
               <Y>113</Y>
            </Point>
            <Point>
               <X>462</X>
               <Y>116</Y>
            </Point>
            <Point>
               <X>461</X>
               <Y>118</Y>
            </Point>
            <Point>
               <X>460</X>
               <Y>120</Y>
            </Point>
            <Point>
               <X>460</X>
               <Y>122</Y>
            </Point>
            <Point>
               <X>459</X>
               <Y>125</Y>
            </Point>
            <Point>
               <X>458</X>
               <Y>127</Y>
            </Point>
            <Point>
               <X>456</X>
               <Y>131</Y>
            </Point>
            <Point>
               <X>456</X>
               <Y>132</Y>
            </Point>
            <Point>
               <X>455</X>
               <Y>134</Y>
            </Point>
            <Point>
               <X>454</X>
               <Y>135</Y>
            </Point>
            <Point>
               <X>454</X>
               <Y>136</Y>
            </Point>
            <Point>
               <X>454</X>
               <Y>137</Y>
            </Point>
            <Point>
               <X>454</X>
               <Y>138</Y>
            </Point>
            <Point>
               <X>454</X>
               <Y>139</Y>
            </Point>
            <Point>
               <X>454</X>
               <Y>140</Y>
            </Point>
            <Point>
               <X>454</X>
               <Y>141</Y>
            </Point>
            <Point>
               <X>454</X>
               <Y>142</Y>
            </Point>
            <Point>
               <X>454</X>
               <Y>143</Y>
            </Point>
         </Line>
         <Line>
            <Point>
               <X>415</X>
               <Y>118</Y>
            </Point>
            <Point>
               <X>416</X>
               <Y>119</Y>
            </Point>
            <Point>
               <X>417</X>
               <Y>120</Y>
            </Point>
            <Point>
               <X>418</X>
               <Y>121</Y>
            </Point>
            <Point>
               <X>419</X>
               <Y>122</Y>
            </Point>
            <Point>
               <X>420</X>
               <Y>125</Y>
            </Point>
            <Point>
               <X>420</X>
               <Y>127</Y>
            </Point>
            <Point>
               <X>420</X>
               <Y>129</Y>
            </Point>
            <Point>
               <X>420</X>
               <Y>133</Y>
            </Point>
            <Point>
               <X>420</X>
               <Y>135</Y>
            </Point>
            <Point>
               <X>420</X>
               <Y>137</Y>
            </Point>
            <Point>
               <X>420</X>
               <Y>140</Y>
            </Point>
            <Point>
               <X>420</X>
               <Y>142</Y>
            </Point>
            <Point>
               <X>420</X>
               <Y>143</Y>
            </Point>
            <Point>
               <X>419</X>
               <Y>146</Y>
            </Point>
            <Point>
               <X>419</X>
               <Y>147</Y>
            </Point>
            <Point>
               <X>417</X>
               <Y>149</Y>
            </Point>
            <Point>
               <X>416</X>
               <Y>149</Y>
            </Point>
            <Point>
               <X>415</X>
               <Y>149</Y>
            </Point>
            <Point>
               <X>415</X>
               <Y>150</Y>
            </Point>
            <Point>
               <X>413</X>
               <Y>150</Y>
            </Point>
            <Point>
               <X>412</X>
               <Y>150</Y>
            </Point>
            <Point>
               <X>411</X>
               <Y>150</Y>
            </Point>
            <Point>
               <X>410</X>
               <Y>150</Y>
            </Point>
            <Point>
               <X>408</X>
               <Y>150</Y>
            </Point>
            <Point>
               <X>407</X>
               <Y>149</Y>
            </Point>
            <Point>
               <X>405</X>
               <Y>147</Y>
            </Point>
         </Line>
         <Line>
            <Point>
               <X>433</X>
               <Y>124</Y>
            </Point>
            <Point>
               <X>433</X>
               <Y>126</Y>
            </Point>
            <Point>
               <X>433</X>
               <Y>129</Y>
            </Point>
            <Point>
               <X>433</X>
               <Y>132</Y>
            </Point>
            <Point>
               <X>433</X>
               <Y>134</Y>
            </Point>
            <Point>
               <X>433</X>
               <Y>137</Y>
            </Point>
            <Point>
               <X>432</X>
               <Y>139</Y>
            </Point>
            <Point>
               <X>432</X>
               <Y>141</Y>
            </Point>
            <Point>
               <X>432</X>
               <Y>142</Y>
            </Point>
            <Point>
               <X>432</X>
               <Y>144</Y>
            </Point>
            <Point>
               <X>432</X>
               <Y>146</Y>
            </Point>
            <Point>
               <X>432</X>
               <Y>147</Y>
            </Point>
            <Point>
               <X>432</X>
               <Y>148</Y>
            </Point>
            <Point>
               <X>432</X>
               <Y>149</Y>
            </Point>
            <Point>
               <X>432</X>
               <Y>150</Y>
            </Point>
            <Point>
               <X>431</X>
               <Y>152</Y>
            </Point>
            <Point>
               <X>432</X>
               <Y>153</Y>
            </Point>
            <Point>
               <X>433</X>
               <Y>153</Y>
            </Point>
            <Point>
               <X>434</X>
               <Y>153</Y>
            </Point>
            <Point>
               <X>435</X>
               <Y>153</Y>
            </Point>
            <Point>
               <X>436</X>
               <Y>153</Y>
            </Point>
            <Point>
               <X>438</X>
               <Y>153</Y>
            </Point>
            <Point>
               <X>440</X>
               <Y>153</Y>
            </Point>
            <Point>
               <X>441</X>
               <Y>153</Y>
            </Point>
            <Point>
               <X>442</X>
               <Y>153</Y>
            </Point>
            <Point>
               <X>442</X>
               <Y>154</Y>
            </Point>
         </Line>
         <Line>
            <Point>
               <X>402</X>
               <Y>163</Y>
            </Point>
            <Point>
               <X>404</X>
               <Y>163</Y>
            </Point>
            <Point>
               <X>406</X>
               <Y>163</Y>
            </Point>
            <Point>
               <X>409</X>
               <Y>163</Y>
            </Point>
            <Point>
               <X>411</X>
               <Y>163</Y>
            </Point>
            <Point>
               <X>413</X>
               <Y>163</Y>
            </Point>
            <Point>
               <X>416</X>
               <Y>163</Y>
            </Point>
            <Point>
               <X>419</X>
               <Y>163</Y>
            </Point>
            <Point>
               <X>422</X>
               <Y>163</Y>
            </Point>
            <Point>
               <X>423</X>
               <Y>163</Y>
            </Point>
            <Point>
               <X>425</X>
               <Y>163</Y>
            </Point>
            <Point>
               <X>426</X>
               <Y>163</Y>
            </Point>
            <Point>
               <X>428</X>
               <Y>163</Y>
            </Point>
            <Point>
               <X>430</X>
               <Y>163</Y>
            </Point>
            <Point>
               <X>432</X>
               <Y>163</Y>
            </Point>
            <Point>
               <X>433</X>
               <Y>163</Y>
            </Point>
            <Point>
               <X>434</X>
               <Y>163</Y>
            </Point>
            <Point>
               <X>435</X>
               <Y>163</Y>
            </Point>
            <Point>
               <X>436</X>
               <Y>163</Y>
            </Point>
            <Point>
               <X>437</X>
               <Y>163</Y>
            </Point>
            <Point>
               <X>438</X>
               <Y>163</Y>
            </Point>
            <Point>
               <X>439</X>
               <Y>163</Y>
            </Point>
            <Point>
               <X>440</X>
               <Y>163</Y>
            </Point>
            <Point>
               <X>442</X>
               <Y>163</Y>
            </Point>
            <Point>
               <X>443</X>
               <Y>163</Y>
            </Point>
            <Point>
               <X>444</X>
               <Y>163</Y>
            </Point>
            <Point>
               <X>445</X>
               <Y>163</Y>
            </Point>
            <Point>
               <X>446</X>
               <Y>163</Y>
            </Point>
            <Point>
               <X>447</X>
               <Y>163</Y>
            </Point>
            <Point>
               <X>448</X>
               <Y>163</Y>
            </Point>
            <Point>
               <X>450</X>
               <Y>163</Y>
            </Point>
            <Point>
               <X>452</X>
               <Y>163</Y>
            </Point>
            <Point>
               <X>454</X>
               <Y>163</Y>
            </Point>
            <Point>
               <X>455</X>
               <Y>163</Y>
            </Point>
            <Point>
               <X>456</X>
               <Y>163</Y>
            </Point>
            <Point>
               <X>457</X>
               <Y>163</Y>
            </Point>
         </Line>
      </Lines>
   </PenMarkInfo>
</ArrayOfPenMarkInfo>