﻿

<?xml version="1.0" encoding="utf-8" ?>
<PenMarkInfo>
	<Creater>张三</Creater>
	<CreationTime>2008-01-08</CreationTime>
	<Text>
		这是一段可多行的纯文本数据
	</Text>
	<Lines>
		<Line index="1" >
			<Point>
				<X>80</X>
				<Y>63</Y>
			</Point>
			<Point>
				<X>92</X>
				<Y>63</Y>
			</Point>
		</Line>
		<!--  这是一段可多行的注释  -->
		<Line index="2" >
			<Point>
				<X>244</X>
				<Y>133</Y>
			</Point>
		</Line>
	</Lines>
</PenMarkInfo>
