<?xml version="1.0" encoding="UTF-8"?><?xml-stylesheet type='text/xsl' href='_UpgradeReport_Files/UpgradeReport.xslt'?><UpgradeLog>
<Properties><Property Name="Solution" Value="USUI_serial">
</Property><Property Name="方案檔" Value="D:\____vcs_0517a\TKMonitor232\USUI_serial\USUI_serial.sln">
</Property><Property Name="使用者選項檔" Value="D:\____vcs_0517a\TKMonitor232\USUI_serial\USUI_serial.suo">
</Property><Property Name="Date" Value="2016年7月28日">
</Property><Property Name="Time" Value="下午 23:40">
</Property></Properties><Event ErrorLevel="0" Project="" Source="USUI_serial.sln" Description="檔案已成功備份為 D:\____vcs_0517a\TKMonitor232\USUI_serial\Backup\USUI_serial.sln">
</Event><Event ErrorLevel="0" Project="" Source="USUI_serial.suo" Description="檔案已成功備份為 D:\____vcs_0517a\TKMonitor232\USUI_serial\Backup\USUI_serial.suo">
</Event><Event ErrorLevel="0" Project="USUI_serial" Source="USUI_serial.csproj" Description="專案檔已成功備份為 D:\____vcs_0517a\TKMonitor232\USUI_serial\Backup\USUI_serial.csproj">
</Event><Event ErrorLevel="0" Project="USUI_serial" Source="USUI_serial.csproj.user" Description="專案使用者檔案已成功備份為 D:\____vcs_0517a\TKMonitor232\USUI_serial\Backup\USUI_serial.csproj.user">
</Event><Event ErrorLevel="0" Project="USUI_serial" Source="Form1.cs" Description="檔案已成功備份為 D:\____vcs_0517a\TKMonitor232\USUI_serial\Backup\Form1.cs">
</Event><Event ErrorLevel="0" Project="USUI_serial" Source="Form1.Designer.cs" Description="檔案已成功備份為 D:\____vcs_0517a\TKMonitor232\USUI_serial\Backup\Form1.Designer.cs">
</Event><Event ErrorLevel="0" Project="USUI_serial" Source="Program.cs" Description="檔案已成功備份為 D:\____vcs_0517a\TKMonitor232\USUI_serial\Backup\Program.cs">
</Event><Event ErrorLevel="0" Project="USUI_serial" Source="Properties\AssemblyInfo.cs" Description="檔案已成功備份為 D:\____vcs_0517a\TKMonitor232\USUI_serial\Backup\Properties\AssemblyInfo.cs">
</Event><Event ErrorLevel="0" Project="USUI_serial" Source="Properties\Resources.Designer.cs" Description="檔案已成功備份為 D:\____vcs_0517a\TKMonitor232\USUI_serial\Backup\Properties\Resources.Designer.cs">
</Event><Event ErrorLevel="0" Project="USUI_serial" Source="Properties\Settings.Designer.cs" Description="檔案已成功備份為 D:\____vcs_0517a\TKMonitor232\USUI_serial\Backup\Properties\Settings.Designer.cs">
</Event><Event ErrorLevel="0" Project="USUI_serial" Source="Properties\Settings.settings" Description="檔案已成功備份為 D:\____vcs_0517a\TKMonitor232\USUI_serial\Backup\Properties\Settings.settings">
</Event><Event ErrorLevel="0" Project="USUI_serial" Source="USUI_serial_TemporaryKey.pfx" Description="檔案已成功備份為 D:\____vcs_0517a\TKMonitor232\USUI_serial\Backup\USUI_serial_TemporaryKey.pfx">
</Event><Event ErrorLevel="2" Project="USUI_serial" Source="Resources\auo.JPG" Description="無法將檔案備份為 D:\____vcs_0517a\TKMonitor232\USUI_serial\Backup\Resources\auo.JPG">
</Event><Event ErrorLevel="2" Project="USUI_serial" Source="Resources\auo1.JPG" Description="無法將檔案備份為 D:\____vcs_0517a\TKMonitor232\USUI_serial\Backup\Resources\auo1.JPG">
</Event><Event ErrorLevel="2" Project="USUI_serial" Source="Resources\ubuntu_904.jpg" Description="無法將檔案備份為 D:\____vcs_0517a\TKMonitor232\USUI_serial\Backup\Resources\ubuntu_904.jpg">
</Event><Event ErrorLevel="0" Project="USUI_serial" Source="ISPTool.ico" Description="檔案已成功備份為 D:\____vcs_0517a\TKMonitor232\USUI_serial\Backup\ISPTool.ico">
</Event><Event ErrorLevel="0" Project="USUI_serial" Source="Form1.resx" Description="檔案已成功備份為 D:\____vcs_0517a\TKMonitor232\USUI_serial\Backup\Form1.resx">
</Event><Event ErrorLevel="0" Project="USUI_serial" Source="Properties\Resources.resx" Description="檔案已成功備份為 D:\____vcs_0517a\TKMonitor232\USUI_serial\Backup\Properties\Resources.resx">
</Event><Event ErrorLevel="0" Project="USUI_serial" Source="USUI_serial.csproj" Description="專案檔不需要轉換。">
</Event><Event ErrorLevel="3" Project="USUI_serial" Source="USUI_serial.csproj" Description="不需要轉換">
</Event><Event ErrorLevel="0" Project="" Source="USUI_serial.sln" Description="方案轉換成功">
</Event><Event ErrorLevel="3" Project="" Source="USUI_serial.sln" Description="Converted">
</Event></UpgradeLog>